,WZM_VLC-100GT.972.Elek_P.L1-4,WZM_VLC-100GT.972.Elek_P.KSS,WZM_VLC-100GT.972.Elek_P.Ax_C1,WZM_VLC-100GT.972.Elek_P.Sp3,WZM_VLC-100GT.972.Elek_P.Sp4,WZM_VLC-100GT.972.Elek_P.Ax_Q1,WZM_VLC-100GT.972.Elek_P.Ax_X1,WZM_VLC-100GT.972.Elek_P.Ax_Z1,regressand
0,8228.66796875,6072.23486328125,427.4075927734375,9615.7470703125,4286.37109375,442.5721130371094,666.9371948242188,3041.48681640625,18214.798828125
1,162.32139587402344,0.0,0.0,-3610.6201171875,-2324.603759765625,0.0,-26.293027877807617,-836.7088623046875,-2997.08984375
