Lockdown,Vaccination,Total Utility,Utility,Cost of Loss of Lives
1,1,80.26197219724898,23.04960286953822,-57.21236932771075
